generations,fitness,ufront,lfront,uback,lback,uleft,lleft,uright,lright
1,-13.132102277517587,0.8085647310370231,1.1957892292933305,1.2750045304815325,1.3465264768847902,2.181091222708453,1.0201638757695863,0.5268251297539748,0.9630964109468716
1,-5.883910749755483,1.2817469281146403,0.7027786502165752,1.433164357058013,1.4522571435265936,0.850181787349951,2.806915848567175,0.8907838369335968,1.1614025945035396
1,-11.977802224462875,0.5058201248710743,1.467260470376804,1.2872169637835187,1.2139940782048815,0.5604678502823164,0.5134325567532121,0.6415349361184357,0.8469186559048587
1,-8.138347276756155,1.2744465171229544,1.4097441957860588,0.5571092918430677,1.431441862067663,0.7156476604194232,1.476138139180793,0.7842566105025996,0.7336575388233544
1,-8.481283893934176,1.1410259573185066,0.6939382708549577,1.4038863302426037,1.3896389088138077,0.6319848992016289,1.388877277539664,0.6439767120498203,0.9776912405266244
1,-8.940916598292393,0.5090823800613042,0.7778527316573504,0.6279051174305115,0.9832434004699662,0.7002367553027985,0.9077945434586902,0.6693885557470479,1.476953355645569
1,-7.013267883478751,1.1825456710221922,1.4104512575442139,1.012955560331597,1.1849817917403604,1.4666458121765387,0.8076067120195125,0.7294733948960125,0.6427245178864366
1,-8.159894223571403,1.2592083871004338,0.7630979964848315,0.5506936013948185,1.286650054106143,2.0440816531723254,0.7903232946338401,1.0109824331017943,0.8096499767210864
1,-8.950050664625257,1.493564423543197,0.8270920205695593,1.2144845824987471,1.0324600249800202,0.7742131169748551,1.2448324794254804,1.1674776545951093,0.6767456277119958
1,-5.724999834934553,1.0735605831942596,0.9104290530222279,0.7982346041188001,0.7132813669066673,0.700525670690237,1.4042487597960813,1.3246988229497316,0.7008490854750888
1,-9.165306634767056,0.8748470760945288,0.9293747047935828,0.5506346234912842,1.1479412714602137,0.8633429979150014,0.5073045273191659,0.8461013847620475,0.8391368807122485
1,-13.684679489124274,0.5355115110038224,1.1531700225656865,1.3294681124824725,1.3566933137150796,1.4133452913782696,1.2989374230985935,1.1376586500711556,1.4461150344609015
1,-9.506696480826845,1.3609559507189584,1.1300257776905758,1.483400140961996,1.3774405707953126,0.6767593390581562,1.2409149824827432,0.6637028204176092,0.5321219636113408
1,-8.885534749426121,0.6731800320078604,1.2241772172659962,0.6247027211896944,0.8758947277015463,0.8322578614776915,0.986239648410932,0.75667129205947,1.0422388634625774
1,-9.745572473975718,1.0132630089247374,1.1321450327846507,0.7057947418772358,1.4931082036318464,1.0316704985639782,1.056383004585752,0.8826319141694126,0.5801730823103605
1,-6.591569961044879,0.5628560126481666,1.2074916036806134,0.6694491092266321,1.1630225720764649,0.9394242959171638,1.305028982723593,1.3484186906297233,0.9782003515447646
1,-6.79885173586944,1.6905128774059717,0.5229440644551838,0.5541054201400055,0.6544569771975607,1.2285716378471272,1.1865966553985263,0.7184530810310807,0.5198561380243286
1,-8.216089071450744,0.5955911096465194,0.6193517063727487,0.6431351570307262,0.6360914508552649,1.4655454299536408,1.0130378230916315,1.336747022836501,0.6114320018686228
1,-9.711929859940028,0.6043983565312424,0.9390809098008572,1.0503396414129011,0.5650574133879588,1.4183844009148545,0.776891760889651,0.8862310311464441,0.5476420895311045
1,-9.005693826212863,1.4878472946407388,0.5981803481924117,0.7705448115109307,1.0148171285531262,0.8552186549756341,2.231407001475765,0.8485291909243114,1.3702036565674673
1,-10.432129896076765,0.7927254473747062,1.1442519248533154,0.9933214043561095,1.3827787147581074,1.3162622384286946,0.8592241848634865,0.5350622743005063,1.2159202474348807
1,-8.391810432627429,1.2576788594402806,0.5383491210420808,0.7689738187462892,0.9105453859075,2.98198256370771,0.6131041728462289,1.406581183293162,0.636139993619248
1,-6.718436164562462,0.9396223589026946,1.3986282983730787,0.9157308504229961,0.9576365429478141,1.1786999632480377,0.7584718425118747,0.7057901021258494,1.0182470343836536
1,-9.556415971984125,1.2693506037761355,1.2747879548206025,1.4320389626315264,0.5132064096289345,1.0563881215490043,1.2277315868641052,0.9790935358239011,1.4144544580363054
1,-16.427897427639405,0.6630252395035178,0.8121633520022451,1.3587435637944227,0.6123686706532351,0.9199714627470408,0.7937396995196518,0.6692227497584429,1.3821591536876467
1,-11.909184648587615,1.798299788185652,0.9003247158338779,0.5678614181168959,0.8125930908851158,1.2255893226340593,1.0626430523489423,1.1263081567151503,1.2948158258337963
1,-9.572374126335198,0.5604100656156362,0.6221360012916819,1.4962066684036863,0.9027884527672739,0.834422420681944,0.618700657211848,0.8372004807869569,1.0072365883421914
1,-5.836001327262239,0.8999799798977606,0.9858190585273917,0.9078088773426128,1.1283643417277192,1.0052363886497,0.9815920678132972,0.5523277264362053,0.7854044449165376
1,-12.747268420673295,1.8608720566109294,1.2324569194134836,0.5699340712124931,0.6593966608420615,0.7558834228980993,0.736573108589743,1.001843798359563,0.966975918787768
1,-11.082852227903519,1.4439316369916244,0.5819300031866093,1.0256534209703971,1.2159272099630443,0.6293099034872238,0.8567926590506463,0.6750843812759612,1.4481527016198803
1,-4.827329980126901,0.6972682669279691,0.9970475636517651,0.9089497994754018,1.4579489600431255,0.570590358628892,0.5801864127474009,1.3528285822284758,0.9362763111968625
1,-6.140523323238256,0.6783378107095025,0.6032461063076112,0.7932571428921765,0.561404240178808,1.2001417762038336,0.7117799810185538,0.5623458007952775,0.6923648095823258
1,-19.378056484497314,1.0723618379454245,1.412246018084774,0.6613741295464831,0.8801706600853642,0.773464054544371,1.3302080112472847,1.4666800622863791,1.3825228359238713
1,-12.154332321426878,1.2111508060704392,0.5468713454028642,0.5055614113143376,0.8959361110678016,1.492312051071748,0.5693577196035596,1.9814116634591292,1.3548534629223614
1,-7.928645495276125,0.8898205324212602,1.1541919074907807,1.3127962782318265,0.5264716951166902,0.8834550789138114,0.7686415934952692,1.0514646412885453,0.7784673509421622
1,-9.531335413829153,0.8064232995630243,1.3754379608223393,1.396442781201179,1.0431497033176171,0.8390835664209306,0.6412579442339613,0.8747395329480093,1.3300605543075026
1,-8.08875731361563,1.3277636314807486,1.255345873970934,0.5534312289413532,2.5612058628425807,1.4134920665006447,1.3181517639754006,1.0498783712315491,1.307878413012767
1,-9.00904237372016,0.7410828979553747,1.4657710256426033,1.0720606154240073,1.285672650674306,1.216146504059979,0.8300407176210225,1.019735807741219,1.3694107353964233
1,-8.937636565810436,0.7762017009556222,1.4545267369913553,0.6997120488891064,1.132358443410571,0.6729714826046038,1.3891501841646092,0.7471250108832894,0.6199347275540562
1,-8.233645015563855,1.475127144902468,0.6263351785129863,0.7269640810407636,1.0596822250439955,0.636245537965357,1.1991323392548323,0.939814238811482,0.8763198556952574
1,-6.213346460374546,0.8923554472039721,1.4008913105418777,0.8697966199521736,0.5738219001238462,0.773360347686957,1.1364342615835343,1.1275273278510078,0.7686116501900477
1,-6.951616744039778,2.817788001569865,1.258286336343072,0.9906554089068347,0.5320940603660367,1.289155404532115,1.3768243540247513,1.2504545252111026,0.9547252697498645
1,-11.668171644003003,0.979398035405748,1.1361210411919687,1.1487395960926072,0.8874474234779716,1.2165694161618608,0.7528305316122631,0.8712170396245285,1.2076195904988078
1,-7.555035759413401,0.7958504423033381,1.0054909121639612,1.1595507080005512,1.307801619235228,0.8595716887734965,1.1613252469947952,1.0267288063223061,1.1646392824755276
1,-10.706374392996384,1.1366243833696323,2.691447475141382,1.0676491298702868,1.0575145855982022,0.6794750086645569,1.398936927891905,0.8679340264933768,1.3225252128512133
1,-14.016640863015155,1.2911785295207916,1.0402030065016916,1.4356593803750348,0.9420378166214481,1.2865080213756135,0.5478601835911078,1.0713192864802594,1.2391005720740038
1,-5.9576354969938405,0.5763557068743064,1.004839231338666,1.291453095069396,0.9991005348184188,0.5663121193578681,0.657927659847801,0.798350561724858,0.7350773095796942
1,-7.891108073250074,0.9582208594113067,2.3459807787228057,1.4275274615654525,1.4125116471984671,1.4374744338949872,0.724567136599921,1.1761928871404317,0.9842423455539877
1,-7.109910776964833,2.2458490152181807,1.4285981074162075,0.6452640817380312,1.4309102470946378,1.1644865820891173,0.7708214586444129,0.560079539866711,1.3138662381003325
1,-6.972194867845332,1.376634569382718,1.0271371248677397,0.943763667765952,0.6462354553456419,1.301267934162524,1.041233371922241,0.8806500102345981,0.8710460859184639
10,-9.21339459844436,0.9233013956490506,1.19769187538903,1.288306687944597,2.7400484753811467,2.3326126898763913,0.8620506402817774,1.0340254423197013,1.4571792820008254
10,-17.509732459782228,0.7013818189454131,1.496625264216791,1.8692354100388435,1.3442654669725163,1.3299408445602081,1.0449497720948824,1.0908229990119165,0.8294217567759005
10,-12.504948263830872,1.2093561474497285,1.3641718833924779,2.100599831991366,0.5256285028277404,1.694748213031691,0.5840170060815627,0.5015551630904828,1.4427919437838042
10,-10.605099319773586,1.5791553215906804,1.4361831159178617,1.144072061350753,2.300129411345541,0.5624284656445521,0.8082214096769056,1.4369447212051485,1.456497898157135
10,-9.08538462138859,0.6016667351053727,0.9217939580803622,1.5981844106112746,1.2905450653779895,1.2714023223613036,1.243506218453824,0.5734129365525482,1.349978754338687
10,-8.67462428110112,2.569267297035708,0.8705219857381439,0.8120664362687745,2.5683037493288055,1.3050811934416098,0.5211121324837237,1.3248344352759662,1.3125931723363862
10,-13.080338951892939,0.9277752314773547,0.7477707648286684,1.411097883882315,0.8458339900250795,0.5867906434902398,0.892011123475779,2.597771856225031,1.368682362044157
10,-13.331992373764873,1.6788900514694616,1.4155492726616798,1.6700183937369835,0.5308952824875819,1.4033760037332674,0.5973542933352897,1.030266684623609,1.1302464449403504
10,-8.187365083013237,0.8440104967552299,0.8731497733374574,2.9576492615790304,2.3273465147550043,1.21282180526216,1.281853197687253,1.1274868182315736,1.4893871955463343
10,-12.639255993354704,0.7301500748241286,1.111380701520325,1.3708876917666921,0.7398373087687836,1.4958224844956425,1.475030733145607,0.500912148386124,1.379649623683827
10,-9.380790238000971,1.1932451871859584,1.1688342858841985,1.1136300328622553,1.9285466568853726,1.2517161742006664,2.299146495508978,0.8881634936685077,0.66355422514067
10,-10.028898832520643,0.8327070590534646,1.1927278672167354,1.2910289028048911,0.7233110739579902,1.2601780730305165,0.9275896102673677,0.8598420573554832,0.5026102456436013
10,-10.628518334550211,0.6108478875919144,1.1935043524387108,1.139072384320261,2.589981286217978,0.5526221517300213,1.256369901717472,1.003189773035138,2.1468707054107106
10,-11.425081236765141,0.8898954558953465,0.5287032708261598,1.219039936072358,0.8515848330298654,2.5433138826039614,1.698972220999779,0.9533572217529517,0.8236735222665377
10,-13.730357341006126,1.0602107238259746,1.2249487380509878,1.3680368462164239,1.1499449047930028,1.0277456969100471,0.6186262565917603,0.8451204941778842,0.9210193448674889
10,-13.679881123486885,1.0239764099507291,1.216290769570628,1.1457704946399754,1.1928592874887807,1.3513104022540223,1.0158081781170907,0.9541222996000248,0.5841495833038
10,-18.128070693041952,1.8513818776634998,1.4660674262709092,0.5431892362926616,1.0655646037964035,0.9081647903572969,0.8106539339734351,2.770788959343491,0.7505910906210683
10,-22.928510969982995,2.897320403157173,0.7273523677950828,0.8005988346269202,1.176999704927016,2.102418197200138,2.6881015683431055,1.313543141294799,1.159937121251275
10,-16.6795317367548,1.9749485129712303,0.6781258333080257,1.3329188544901396,2.721796420077827,2.6680509161053623,1.29297059108618,1.0763012953251043,1.3703523885270967
10,-12.617848603697981,1.0214066264294341,1.0457577224238155,0.9049459783468135,0.7590880608675903,2.6216278095457284,2.9519947518024727,1.4067795862141228,1.3437920966211805
10,-11.3936780004332,1.4466720579561294,1.13653489099857,0.9961353982993697,1.2728157092782242,0.7651765451098514,0.5227814484366592,1.5767946027635746,0.711235732611285
10,-11.686237048777777,1.2644673053739361,1.9234365827996225,0.8247795312887929,1.416289004882596,0.8071727711988116,0.7845200673427504,1.7442272282726128,2.5142703975845104
10,-13.59281301925195,0.6236407811327817,0.8566066576293858,1.0456841327020516,0.563817551555116,1.1082888348271718,1.2991099021434356,1.527992417645628,0.842022281520251
10,-12.404236810388284,2.8246420422991716,0.7037868784881963,0.8616497323812641,0.8584158872382521,2.0604145005054004,1.0895147005343995,0.8591880333762495,1.0406372557163577
10,-13.33177602648221,1.4151775248560408,1.364323369254059,1.838263637385235,0.8475320150610468,1.2741487887244478,1.1987643119930635,0.9616595476534063,0.660319570627109
10,-11.40404372576899,0.6840231331527383,0.5291534862170458,1.886155053708217,2.225264919699821,1.0593694597984153,2.041659476366366,0.6517565047467837,0.7101050881021272
10,-9.854115523121173,1.2008910427153876,1.3625872785548996,1.429079497069474,1.957363465953844,2.2741529854397973,2.5704792192763573,0.5134094272381308,0.6750882262757886
10,-9.561972544375978,1.1469217752305572,1.4982645638495653,2.063549845409117,0.7861574170023421,0.6916937832703429,0.5254111706357808,1.0009552848772993,0.9071424333847068
10,-8.579871590952756,0.5500439815352507,1.316069617230248,0.6820353994972037,1.1000338287860805,2.5608563098904322,1.5170280365811113,1.0484847392374816,0.8596023778507562
10,-9.600051894472909,0.8705669591849042,2.1567606827785246,1.1091070145743722,0.6055751889752156,0.6512060768746799,1.4177005396597266,1.1417440686402869,1.2651105765119866
10,-14.980659023819655,2.664327969195622,1.4771582413852842,0.7490604352957368,1.2104628944556088,1.2833384325588955,1.1662743035625955,1.1634085182483218,0.8396665280821725
10,-15.34826459174426,0.8825127637629221,0.6086403918906393,0.9293304137203288,0.8276854895730358,2.9756500792273153,2.518885225186678,2.578197756422668,1.0176135135346092
10,-18.15689242082242,2.788401046646556,1.3482704238214935,1.462041079018722,0.5801311934248305,0.9299493167827542,1.2808573054686048,0.5062504884710073,0.5930309273637314
10,-11.316603282227835,1.7603230876527782,1.3081715193688932,0.7400171381519083,1.0358577150845378,0.5532135369534386,2.373275078049499,2.2433938395795767,1.3269937904681515
10,-14.73420545543599,1.143416422769439,0.7141696938924932,1.0047991127190863,2.1897625639303984,0.9135930059855591,1.2879483990358893,2.2360566954953693,0.665282846859487
10,-19.165999977584818,1.1552589221031417,0.7167689594474945,0.6053728198415605,1.5785667182178376,1.1542651023717538,0.9515724309703991,1.406362339884135,2.5731158672168934
10,-11.898297943745952,2.8927161969000452,0.5527244339038261,0.7804389844545027,1.3887141637983689,1.319150166240127,0.6355438972723112,0.5535975408907039,1.2598720639669345
10,-11.50362803488561,1.7826420424347231,1.6418864395806603,1.3726549468303457,2.1830259527502225,0.984765028718272,0.5321253789931292,1.2214685035938362,1.3369238162242896
10,-15.793062013729834,1.1054631192924353,0.6705716725669217,0.572016025722465,1.8404409040048668,0.9822070991569343,2.27812921651771,1.4395834287437634,0.7109684873212962
10,-12.27012751859805,1.0543151055475204,0.8775234535957542,2.5443183326572676,0.6278879442523195,1.31669948781563,1.1074179470439076,0.525091567068735,1.3911830528202938
10,-12.178404698659543,0.8017407739107427,0.7504262826215362,0.930672110915096,1.3533166425056575,1.2995171300178496,1.004895537718824,1.2658580885779764,2.101973247114751
10,-13.970736518684026,1.0602870084033662,0.7692640748272576,1.2983923489934242,0.7433892613043032,0.8920235617778469,0.5666118513059986,1.1159855466433917,2.5944683611469967
10,-11.434623513945857,1.283344797988435,0.9545139729388005,1.4248582890243844,2.693495942578503,1.2642632002541643,0.9324710193695493,0.893089298787048,0.9611051738201064
10,-11.62494887175432,1.422284219721076,0.6156659168896627,0.8839007674105259,0.8072057221216422,1.3731449253240806,0.655747698755248,1.0633651874506747,0.9920529913701394
10,-14.328354313191012,1.4149937681842069,0.9109658412877013,1.032895195530875,2.372195817999147,1.4970333212873617,0.7893725032039675,1.3565457647223251,0.9916302395852732
10,-14.918433433324655,2.8223716386208433,1.0850925458536804,0.9307181880708335,1.3629142120567688,0.6558499924646327,1.2683513169231362,1.1072788884220122,1.3568899253979148
10,-12.977584340648438,1.421099162453979,0.8993377298648505,1.3884848299659094,2.959943122359277,0.5686840822874564,0.8364046858110877,1.1789276950237702,0.9556832568709251
10,-12.859682345411475,0.8467831361847109,1.7792259769004333,1.1808217498832594,0.5725455896662665,1.3918749020939845,1.2324387938571868,0.7310320312151326,1.3756201296146628
10,-13.907258333712758,0.9329840964880529,1.227358505239811,0.6748398859677794,0.7678190031047746,0.693197177839188,0.6656079511186799,0.5941331322687112,1.0079112901418235
10,-13.817084314565514,1.2255359634503002,1.119385443301819,0.6337286954230597,1.2590799047035306,1.5277105108641087,1.3287560757306398,0.8724194756665997,1.298547716928765
25,-12.725028991664674,0.8733530340760285,0.6663040644260458,2.931896431628474,0.8615708961121127,0.941018474258599,1.0466202781594285,0.8009330260641487,1.0854724977005492
25,-12.253976642599781,2.3540267438675464,0.8075321225676672,1.4262946564222498,2.629518128797423,0.8628925059882249,0.8782307346066157,0.6174173311236385,0.5933557618616611
25,-14.74368928704865,1.1176265493227495,0.825647507920308,1.8711547261282975,1.253223534362347,0.9191693765600056,2.2443294279495722,2.7236610613631185,1.2827226084655492
25,-18.72395767701716,1.1247346832994194,1.2639401650730513,1.050132241298673,0.9687720632914649,1.251800465100561,2.443909713256844,1.1469760115315477,1.2472404339251604
25,-12.526765357459482,0.7805327139770406,0.9615436910080037,0.7941785223354102,1.569047675400765,0.6454316980312012,2.7282429979903102,2.478046226430735,1.33366631056011
25,-11.509607510182896,0.6794973329841044,0.5482793802180789,1.456443387898907,1.4299428615279006,0.5960651039586427,0.9424268806753497,1.1148514502097857,2.364654368942632
25,-22.883123804499558,0.7540403208733093,1.052602397015204,0.5588983946567306,2.947999074435148,1.2049620129511134,1.4435569626019178,1.2038379877561618,1.3647473587128927
25,-14.473021958963749,1.3555010456848975,2.2198003317018933,0.5780054174337842,1.3396143009124213,1.5011778973808025,0.6818583159068734,0.5659961345549039,0.7497435113105609
25,-19.25196351403344,1.0857470904165858,1.4741989953090877,0.635265142197895,1.0098900950332328,1.2794067213688636,0.870361327349793,1.9699874870808989,1.4464260197836338
25,-10.273318755898375,1.6472451116355091,2.886381698107427,0.9395469049495636,0.8921421544879753,1.031216885832492,0.8429271623313391,1.393007740102507,0.948276215785956
25,-15.58919842703453,1.1484386898748005,0.5805488357360314,0.7466542384867791,0.9827957630151746,0.9197859303002897,0.5984281279218893,0.6823561562115619,1.3960032598383445
25,-10.708132221825004,0.817715063555357,1.1818013673060248,0.5366406486050564,0.5793033373069312,0.9073781692679128,0.9671730212843426,2.6656210062534145,2.8398492838837366
25,-9.578267848153153,1.088095063824951,0.9352744697276392,1.0584415162734757,1.210772771677921,1.0920606296516078,1.2185078409496037,0.8373729227387802,0.8429189596683458
25,-17.486145490999995,0.6174504161152796,1.4066912606423103,1.4232204323118682,0.6028854761250819,0.6332466758817913,0.6094911824465612,1.3700560910789163,2.9214342644019697
25,-17.487401507307688,1.7610660601866452,1.8214189395861577,0.5971575986661146,2.1604764932545257,1.322829032408996,2.487615892191013,1.554941551312313,1.9221823774148346
25,-11.836908733645496,0.8914343993944875,2.2222224371979498,1.085252904066187,0.524360791256313,1.0516240053825925,0.6912466569157404,0.9897073717737146,1.289616749459122
25,-16.10787586301807,0.776325146721279,1.783733925875126,1.3804439503848527,0.8214859965782779,2.215840628695801,1.2714695585516318,1.1255400028264924,1.870920646061966
25,-13.059738075476416,0.7344284170479581,2.4855052712356516,0.8379960741082799,1.5473956623669103,2.7378752025715225,0.648354233183151,0.7345951227738895,1.254754944259202
25,-20.769762612855626,1.6799641197800528,0.8220805084762185,1.2492589067931155,1.379435334817372,0.7515485843070698,0.5882917480297121,0.83866014433409,1.1049186371647552
25,-16.981979077559586,1.3365137498555908,1.2158343452409104,1.2205170752119456,0.6213046061137548,0.9798723317049738,0.8859998084550941,0.5530406641502866,1.1802119493874375
25,-11.541732832570077,2.2532341380204084,2.6161500792594423,1.286360835721777,1.1000348766532615,0.9765308811767265,1.3639292150621454,0.9398971815796564,1.0730899642767442
25,-11.551959855849141,0.9728300172348237,1.0298706036732723,1.459127525546858,0.6618828221730196,1.1967349800190943,1.416579830883228,1.385309710636647,0.975437860529813
25,-14.732485826047968,0.6342862124498179,2.551029342656298,1.5587148794253134,1.1008419826739935,0.8846017846634275,1.3050584313796252,2.138467609525603,1.1038916082929293
25,-22.027497586654384,1.3672535852638805,0.6125226394843128,1.3322297044159916,2.675645269511278,1.6869775232287372,1.4695937490394364,1.2761111238631333,0.8155729251195003
25,-16.016691926567113,1.4671461624415834,1.0361220702651526,1.0817027798906325,0.8781008329927271,1.3625722867179,0.8479273117298198,0.8534451765531708,0.687329797011668
25,-22.67665258103433,1.4116515671662366,1.019037964952798,0.9473456776567376,1.1285341421760506,1.9260448321002808,0.6223138474417859,1.4147292678416,1.2306933542922616
25,-19.736163461490346,2.09115654376754,1.125954333283076,1.0526377251886383,2.678056278742719,2.1717960406838714,0.563187633389809,1.4987623267974821,0.5597951212902351
25,-28.12660659869273,2.4555335321888334,0.5094896384980464,2.6385172782833246,0.7831513297476139,1.4594058287193852,2.466389442742287,1.3087164404024452,0.5585436690832274
25,-10.139422457637226,1.3032768346887316,0.6610091712617495,0.6282079312603132,0.8415681398861187,0.8000670497410954,0.7328768519375018,0.730954341726542,0.888344342034121
25,-12.027983080805388,0.9474834743939087,2.185062550862857,1.1910884855353512,0.7777217172022125,1.6189105289460954,0.6107957206484265,0.7793519573048433,0.7518708948149782
25,-16.597655367382703,1.4963397488690138,1.3384977479006674,0.6202652518609446,2.597984693011826,1.2325477112035363,2.006147027218221,1.4592813531741,1.2685952663147229
25,-18.115628198879786,1.4900151736007932,1.4359735140610974,1.1226379398045019,0.7060348413948566,1.0453834491020313,1.1057550935855147,0.7448409799227262,1.3149789726049979
25,-15.299199340506055,1.2544699846833662,1.0975988547645992,1.4115917284918655,1.059776761422217,1.5954286994500575,1.2866712928405595,0.5405997298427737,2.173844322838399
25,-15.958610718955555,1.275959542944122,1.3221863464182975,1.5655446839068201,2.4039861246151424,1.1044204966335225,0.8677598165000551,0.6537950731907487,1.244193505223034
25,-14.189068889315873,0.6610719626068569,1.6889613510403994,1.4527422247129642,1.561734016815523,0.9362801199157549,0.7923490701360312,1.0439985803489735,0.7324929913088484
25,-20.151392987288528,1.1851955296243335,0.8805024089899556,0.957241448517721,1.7950348894349504,0.5429039517268177,0.6630121127795741,0.803768713066078,1.0184479601855572
25,-13.706684919980638,1.3980044790662056,1.763304705664162,0.8390776560819136,0.8117358210011155,1.4273518518405304,1.1725248520197638,2.9333286736239663,1.3153408742830561
25,-20.838795347269187,1.8015759344151867,0.6024749851148907,1.0842074900047098,2.9515602743580507,0.7020226170840781,0.8661603778078701,1.2209915210362063,0.5324229436081027
25,-11.056257035545647,2.313207412257368,1.3609510097033803,1.3500090607303563,0.6511795388087394,2.8901309397344392,0.5908227132973087,1.0419448238785098,0.6299801321450839
25,-23.994072807326006,1.4530893386880743,2.1223495424967362,1.1174689914246163,0.8273812916522065,0.5955023788210604,0.9240766272643828,0.7394585479341851,1.0041060099204735
25,-12.404581377626343,1.130329535836951,1.1604470987560365,1.547123633192875,0.6770035437281412,1.355186737189178,1.0370006129191418,0.8205343906204741,0.8323245403227536
25,-16.33850924549466,0.6152144243296004,1.436500905837777,1.3121528685903785,0.5419132954186202,1.2856998811540126,0.8096390759490286,0.853096775852407,1.1640883503245485
25,-21.065119316123337,2.4998333003747035,2.0359282199503905,0.6903414284050474,1.079322885994402,1.188051166199589,1.9813429267278264,0.5345936048555903,1.128794577091285
25,-13.109684920953214,1.3205258269679383,1.086958942158188,0.904438572524759,1.1433870547994998,1.4430691620920464,1.6031571563187024,1.524616062352939,0.671810234375421
25,-18.161901304357645,0.9759236452288333,1.0266315849110186,1.2531742046735859,0.7869335361637857,0.7160163304477926,1.2097133229472559,0.663650948191805,2.4960690212342285
25,-17.868978487490768,0.6825453977184042,0.6803587215463712,0.9631044736935448,1.2331697641400354,0.9245578207123247,2.656131365435123,0.5246746796331091,0.8129992302757659
25,-18.236752090181916,0.8966572017731679,1.5246056759460844,1.4476200665186487,1.262157013120385,1.0074512345759403,1.7526336890680987,2.9549038642611496,2.275628704416082
25,-10.5701312593855,1.993190215610218,1.2866560512394127,1.2059430437982597,0.627323311360602,1.1893188334235258,1.2365185473507256,0.7120901691017529,1.7592215500443038
25,-15.372846025589967,2.431312987261796,2.4935818390573745,0.5471763501029316,1.0870536802050277,2.3146079536645123,0.9314341634747083,1.9039804718000677,0.8001145762073003
25,-15.330341695163604,0.6804396135798257,1.1797868041561972,1.1237410563029604,1.1163705380716367,0.8968114834772779,0.6906854516791049,1.3707247158732523,0.6076237955545224
50,-18.698516219782732,1.3935888443974,0.7366068911905123,1.2482138509764775,1.9476632688094038,0.6921869423778569,0.7774619672844018,1.3423663556495011,0.7940975022108878
50,-16.0526901032788,1.1010848807049918,0.557672416215997,1.1704808128774986,1.158639687716243,0.6768157474668842,2.7135698076820693,1.3077485040156955,1.5659145846858773
50,-16.235015691923536,1.1247711197412888,0.9098808852689829,0.7730552960301246,1.426891245089661,0.6489776571190977,2.9515974164263996,2.576400642558861,1.4743400854157658
50,-25.046487134239715,2.651469092102651,1.335934205248758,0.5154969676947829,0.9938171990445238,1.979015576537717,1.0956632056187128,1.0103182414940957,0.8873932276572511
50,-13.248839991119294,0.7806062353944259,1.1587504870754977,1.4571373062583604,0.5676991991448912,0.6192314020154198,0.8816955214445534,1.058212417332678,0.7832612139501676
50,-20.01166457725757,0.6355960993490402,1.487170898839688,0.6964800193033158,0.6921861286439935,1.3886891293109884,2.7445939457611117,1.426902269379518,1.241996769105042
50,-15.03328496591033,1.3746070116877926,1.0655718915687533,2.602855502052653,1.0709371634188578,1.0780146712022496,1.3080769336228095,0.8932273004354878,2.260791803296146
50,-15.958654699562944,0.8831962147162435,1.259636825235344,0.7300817797555574,0.896777489908818,1.187831799374813,1.308598621381171,1.2415827978910599,0.6650862408699008
50,-12.722870844241564,2.128350566228329,0.6467809610535826,0.8534375816039768,2.3821832311056967,0.9925199496166061,0.9946638461352129,0.7722784062025417,1.0401409733430889
50,-19.13906113595661,0.6435400237067223,0.6164216148834287,0.9383539853149958,1.223082526506407,0.7766005784403582,1.478703925861204,2.768420269970459,0.6360123814014935
50,-19.47980239791607,1.4529331813221815,2.538347882286877,1.445675762214981,1.030933723648538,2.7113130674184958,1.424032151092549,0.6533290755878746,1.4338799294967859
50,-13.712313078810068,0.5695538939260918,0.5685639771512712,1.1328815693451189,0.7337597728638421,1.4457494389256875,2.468140532132942,1.2451213005343802,2.7853814673776283
50,-20.61912054788348,2.272704073328681,1.6318241847076118,0.994858442183254,1.0076906586051648,0.8451301060995634,2.3384046899478887,1.6728305112169841,1.2128539000531626
50,-16.20368858082458,1.3862766046213917,1.33406534138958,2.4210023616572216,1.27753988195244,1.429316845478378,1.357092206248025,0.7078332930446325,1.5099219450161252
50,-13.610437555864188,0.9238420825091407,1.4309503919548106,0.6898397074139613,2.4388799903017278,1.1813040105234474,1.327388347574084,0.8911868170897879,1.307849262995581
50,-20.350880179263335,0.6396313019270282,0.8858745950642214,0.7612825434206103,1.4532425142054892,2.0381059154442522,1.3730651446930886,1.2863936372898697,0.7729739691773221
50,-18.274415003227894,1.7028161038691174,1.3147989877972988,2.4982844085599005,0.9797931839662893,1.4751440434771945,1.1884007174835807,1.1406473832717312,1.1875165609700553
50,-16.12057143655599,1.3146898629925359,1.2064066318066398,1.0053801244320701,0.8400174538079576,1.4573177896939284,0.6174482549364376,1.660018441790329,2.868406572968262
50,-15.085522884759152,2.310253019880636,1.8315242164058436,1.3101878206526245,0.9287957707097061,1.105900789967109,2.1587679919040346,1.1967068000978034,1.0611186331798805
50,-22.35214767604031,1.3980477144214947,1.6707459943202772,2.7903178510911064,0.6973307760850814,0.6597939363417294,2.5701525934693716,1.299826759898699,2.7524112495095836
50,-27.84453169748949,1.2388866120616313,2.806086177961209,1.8458363334082357,0.6140646260652926,1.144206754089804,0.8266608985690934,1.4329447465436136,2.095847829473776
50,-15.087593560839187,2.2411549369907497,0.9921099508702508,1.4361092256147665,0.5202481184378749,1.4460576244332484,2.627621759459271,2.832201845670903,1.045523558186055
50,-15.003669062290424,0.9277904866324819,0.6269075578714858,0.8914001364354527,1.406023557259303,0.6934178425031663,1.3657377743975831,2.2115024431476185,1.3058083716685345
50,-11.541102654721458,0.85849463279573,1.2923332697213559,1.1767486610059998,1.0574217015373981,2.379397890961646,2.2950346676875863,1.3635814001847297,0.7768127012982623
50,-19.01608628740559,0.7774497091858805,1.451865326076163,0.7960730436590867,0.8295809457678135,0.5184315448882253,0.7240062264831304,1.2173241695643997,0.9417717959372323
50,-15.088983906664858,2.1227668408804967,1.2704376704632723,1.2237530081175392,0.5293457574037017,0.6867309704370559,0.5938244193855087,0.5542787198953784,0.6510244513380103
50,-17.71803141115266,1.3666956604366627,1.5652620383998246,0.6023699064395782,2.8476124059308883,1.767789646068524,1.0206219158203198,0.9805922195705868,1.3888149569140218
50,-13.078591846420862,1.1382829856037835,1.1016208217274728,1.057025384192908,0.5436581438070011,0.9760053790173852,0.5791759043566421,0.8202798970700976,1.1858966436804979
50,-13.801815782699899,1.2256167945789198,2.086168434566903,2.8766921793726454,2.64728698328375,0.7700353450206152,1.0228485260288227,2.528012988797456,1.2043021102414855
50,-15.065391406841844,2.0776378181305977,1.1983951112823878,0.7099538348025951,1.1449899791241092,1.8598139613228581,1.052367599949132,0.7627744368338473,0.5854317417346236
50,-20.03712367593781,1.0370997170794902,0.8518512562592068,2.9146672376865266,0.5947670805144305,1.247960918610686,1.7553457394129484,1.1476929900164563,2.051376468617738
50,-22.02582657911028,1.3036686426003505,2.947262463464095,1.4140896936054084,0.6840815541424058,0.9226741710997428,1.7948485229324682,1.306890590410541,0.5402426154097952
50,-16.393551370958264,0.8515309001089205,1.0531217320824346,0.7372265975220149,1.0372443817786208,1.3361397709656835,1.1281154835617817,0.9490966688309683,1.6906673404000088
50,-15.659301930831866,2.9070669380239824,1.2868666580590493,2.3014782383107732,0.7467671764288916,0.7461177712632292,2.574125267911878,1.6901177131210985,0.5489392928523829
50,-29.28854775159123,1.0565915769332384,2.5339454541573034,1.2825686067463102,0.9285037916193009,0.6007402535522459,1.4975532070993012,2.1155095650756275,0.5134716200807022
50,-19.2696691905243,0.8850597688261147,0.5675763145057814,1.3275302708849344,0.8727909584881817,0.841269839642465,2.267967915332138,1.2259540739518138,0.9800074447340386
50,-17.448387004243564,1.2491197339516908,2.969166662476194,0.624555433424335,0.9325250906319649,1.3344901219792111,1.178143156907078,1.28770315845425,2.4089965391570813
50,-17.601084076433622,1.4957901025171199,0.9087620201781094,0.6304490656190321,0.51380515839197,1.583388646939749,1.2468404231195571,0.7348449043092204,0.5535033307955036
50,-10.525101977850609,1.466728863627207,1.064891268304669,0.760937093084531,0.9423687898966298,1.2946114611591215,1.4766185304996136,1.9205612058298858,0.9451301855492412
50,-15.384117713166617,0.533905800050942,0.6112806095432318,1.1098303412236952,2.3011718667105296,1.11863113496827,1.2677258846223292,1.0027883338997126,1.429989613979521
50,-19.12075513254392,0.597667077882745,1.518040507577215,2.941980126759001,1.1360217139765774,1.7230705532508472,1.4957981547553412,2.165659346011158,2.9213523445669622
50,-14.238357057760327,1.4901296942849522,0.8815729729061129,0.708496316718153,0.6478608929704949,1.218672858008413,0.9550271958359112,1.0874770117281292,0.8391611069736705
50,-27.028486790246212,0.748441867044264,0.9379281995019544,1.3890992052991666,1.0292726300112638,1.46622217957619,2.91377843301447,0.638396876957966,0.8294111650221552
50,-12.899518268380593,0.5682148507589715,1.0200725290001504,1.4939555537940477,0.5470701797690597,1.643532747690994,1.343767161387298,1.540428082185454,2.9426767813782466
50,-19.795101074192587,1.102649982226866,1.1681565764928024,2.1321414780207837,1.0179178796262554,1.0374669888194714,0.7960735337016102,2.890587035839922,0.5217223769136746
50,-24.954697964471283,1.3064358187122078,0.7760022782755825,2.3738867218959037,1.367895684480031,0.9872426717136513,0.5261445470660643,0.9052924902666502,1.4276764493657665
50,-16.18100309180511,1.3932917272617493,0.5722909052480886,2.0051547181373035,0.838546496487086,1.3100938604576262,2.2515258602435915,1.7337281443239136,0.8669618464175906
50,-17.563751951254353,1.2733241060406457,0.830231637421202,2.41997483377252,1.178642809742787,0.7756662255816266,1.1337943701228257,0.9133213980293489,0.9277026955965856
50,-16.5184532015806,1.3741104727758295,1.388377820743039,2.933413652325643,0.9239479487020698,2.771911149200384,0.6112825534373882,2.7409882650693373,2.059639334307328
50,-13.115699540674566,0.9108611822249999,0.5413674257655827,2.1259505066924484,0.6979772696752375,0.8368213163339435,0.8761946365935034,1.851429895408193,0.8210054869842787
75,-14.643258754571299,1.3252130944271698,1.3875982371991729,1.3067191526049813,1.4267772086976147,1.2094826596824144,1.3584513719276807,0.523858867505511,0.9114593293191617
75,-15.288083502345302,1.8532912743721597,0.9432825213050229,1.749373309347583,0.7761446508694964,0.6256986325131645,0.672521524853051,1.8559888824146547,1.229043724808204
75,-34.56255821451918,2.004525389853643,2.105704758611828,0.9458703813154754,1.3592149693822169,0.9425518628088887,2.1874205758822107,0.6504986235028114,1.1816195123080577
75,-16.388041076005365,2.8808249404806574,0.5693030181870048,0.6033993356016771,1.3605587312384584,1.3770221229545236,1.1906255880007741,0.5974015255985068,0.5896956296971879
75,-23.924251711254247,0.5198256439916884,2.2832926016292827,0.8554719818610853,1.0076437457342342,2.8949791335585804,0.766634889853104,1.5285276587451075,1.271894479154707
75,-25.01399739564175,0.7961211156563809,2.97685517053666,1.2649133349299009,2.1273460784608234,1.3762793678058534,1.2920340635770138,0.983013759948136,2.7621870030025595
75,-13.104442637634124,0.7302068035602945,1.4073230869839073,0.5509965521347606,0.520245038053119,0.6769007448504651,2.9039548449165773,2.7643166174296745,1.121275385537718
75,-22.412675775488953,2.2012646478540194,1.3980022212518146,1.742250112826211,2.8443785024398753,1.367211077762927,0.7625162951788718,2.7828751529562448,0.8870809342883343
75,-25.606189422152443,0.7432686598654068,1.4130178233567747,2.2207361523812885,0.8974291923638331,1.0882453754659545,1.1122177325993632,1.2908033049406804,0.5840957024443169
75,-21.067964041132498,0.6112671647702242,0.6250760889087957,0.5532576965271097,0.5414412461931012,0.51903018054336,2.7702665878073494,2.6851460178481856,2.2120506894326573
75,-18.61136656381684,0.9289563493234984,1.8840346886977004,0.7380544455722581,0.669618569885733,1.0355847855722726,0.8460993729172235,0.6683042816074151,1.1292029249848958
75,-12.414109769146041,2.4027356637743673,0.9202162004757186,1.2387604674265347,0.5437588272227856,1.768928189212029,1.2698824786640341,1.4523036780834566,2.3860362186656427
75,-24.11564598417803,0.5644437625478587,1.2803748435187536,0.8604558788747559,2.605078390844595,0.8378830579350461,0.728012754936491,1.1332868296809795,0.5171756558680357
75,-20.118936754373202,1.1698717966148766,1.0163603622576907,0.5676805345124929,1.3230715298591027,2.1271820774266876,0.833074548528726,1.2826426316612372,1.5254485010762062
75,-20.943073974230536,2.8808900724219826,0.8796307797945853,2.016143467515403,2.3075983906324895,0.532378482967658,1.2160190073057302,1.2518727651771662,2.123488175091635
75,-19.954962413088264,0.6766507922555153,1.8844712013171128,0.8148898387480507,1.3554425870994518,0.5069662607538018,1.2699790966940325,0.7360107347851793,1.2928420912164382
75,-15.37919838822632,0.8117321614459384,0.8992216192517232,1.09169448684109,1.3054096551508723,2.3717235085920643,1.1677635107232573,1.6100846499811687,1.4662001869898587
75,-16.151098930646757,1.6580566233290825,1.1075095840714444,0.9610290189954536,2.0154522957207974,2.91832369070616,1.091369012714297,1.8378638144457498,2.0020295970218287
75,-21.21279881000329,0.5060185619811801,1.1790489820209622,0.7455969029636079,2.2995903961499744,2.589379308843529,1.6414749636031556,1.8077108721717356,1.377613688727411
75,-17.116439519401897,1.1752234968820443,2.1490043465908983,2.9877291923971065,2.5348425174328613,2.793489888523626,0.882814079722038,0.5078199385699335,1.007373501194843
75,-19.823762168317305,0.6912855568885026,2.7140824471709886,1.1271195704370167,0.757163017755998,0.7704443272384348,1.6508429288900335,2.1087678889456942,1.2286312212083992
75,-22.19175715845308,1.1883751256144635,0.6027270503287508,0.9945052529850488,0.8317085638751187,0.9918667113173639,1.7914933603615135,0.9696884443088267,1.7019043895796084
75,-21.899262073080724,1.3969557284651728,1.8812996147964407,1.0181905731791905,1.010103512549414,1.7942186493747712,2.7773761424262102,1.6745905911959555,1.2614068391176088
75,-19.436127592043096,1.0637067532069624,0.5378931301834335,1.6225740824016275,1.1385567538888357,1.3710577451159822,1.8332786652830553,1.2104994917839589,1.4713098734848937
75,-19.84539514022909,0.62421090258215,2.5973123564947085,0.9492913505715921,1.7871345024297807,1.0256595360792933,0.5215635528867408,0.7944726349846817,1.0024034344306796
75,-32.63507516620088,1.126870129153449,2.512618496645847,2.7285036373221194,0.7388187979462766,2.5743180973168416,1.5182191371541116,0.7813171471870204,1.1367756282351258
75,-16.50208683303967,0.9655542159521361,1.1504164155271959,0.7411426617164371,0.8971492912239327,1.8661109620542287,1.4199591416833128,1.3993317781556303,1.0615830706301361
75,-17.641893436644818,1.0885261795383259,0.5512718929076362,0.5842691761597698,1.449428350111615,1.6994537742669609,2.971680122143867,1.0976974600293978,0.9560454089933064
75,-19.319404470813982,1.0379618988202264,1.9204928088073387,1.2945241527170883,0.7275751248423402,1.286571224457321,2.3923575292368353,2.8308953746563192,2.154834236024361
75,-16.815177169100235,1.1165344695837898,1.3305519663287424,1.3006593549221224,1.2006327546524305,2.081864176814697,1.252684226479376,1.0629662946932694,0.7442233617866059
75,-20.435926504818806,0.5754408353621201,2.669913161530565,1.296091126619892,1.9183449368747496,0.6983292315324644,1.6965745030969837,2.5831316129045168,1.3681686343937747
75,-19.089763147187615,1.1049060275438185,0.6147429506548977,2.6555942148654132,1.1131420032242287,2.2109509607284927,0.7440722572811104,1.3068358298086176,1.3201080906423686
75,-27.74595788686595,0.7109086487140961,0.5092385718135382,1.1196954424382708,1.2092353864788572,1.707033687427724,2.9328256345731583,2.47355721287666,0.7997119053081364
75,-15.26385926985837,0.8481361630890363,0.9747305295220102,2.3227261728731814,1.1571936186158145,2.508069995235301,1.4073965713379673,2.0896607055177387,1.3807307884320694
75,-13.26762502872415,1.6049661415544758,1.2168524481186436,2.891609931606831,1.1734046983420574,0.6013852892597189,1.1401572516024454,0.8713101629584966,0.7431029736222488
75,-15.803663316056419,1.3216404052008,1.993465305293,1.598195877067337,2.8432856771639603,1.4349322018409056,1.2932841288878851,2.2005452810374844,2.362632478168063
75,-19.7142368268842,1.6456863979576273,2.7349887418450813,1.9903931480968866,1.353275879036045,2.3879969149712643,2.5094531782323233,1.0739025234100819,2.6887472204525387
75,-20.26907425033863,0.8027618045232395,1.2603547066389473,0.7420363456602321,1.0233020401260284,1.2454662897408848,2.3973169498205666,1.1446344588093726,1.4611415204325287
75,-16.28163732620904,1.3205179478405764,0.9107779870502216,0.5227983495877409,0.7463679597475305,1.0797533959398957,1.6808181502596946,0.839058818851167,2.613173658941498
75,-22.35936399272225,1.5509332821857487,1.9607418230167393,0.7376034922288057,1.4280486278063558,1.2360921741574502,0.629031641217541,1.0705613135123355,1.4767863781260608
75,-21.963692640909393,2.66876705820291,2.932607037392391,1.466632692014266,2.4672029563500164,0.7562984984144132,0.9326693330043514,2.080030501153662,1.5871039213474174
75,-21.254400863998107,1.2911935091466047,1.7550662140769997,1.5452761678688267,0.5411783495155953,0.8236652567908852,2.8928651599760236,0.8366561303531346,1.1975108106966046
75,-15.382095758919544,0.7934755705069768,2.145636983964131,1.2812621253598075,0.5861351945542999,1.2590220794920133,2.559333053784024,2.841868724756828,1.1389063390804886
75,-17.97928492619372,2.6204011293087155,1.0407554450363201,1.3350538169175428,0.9233432679025114,1.1101531161210092,2.4588698681730237,0.9196379606826878,0.626535487757883
75,-15.724751973768822,0.8830565429902172,0.6776645124084372,0.8065589196970601,1.2827204688259903,2.780474789690609,0.95030686230805,2.3714737392744514,0.9172370091969456
75,-14.613719230376256,2.67335040789992,2.434617058222684,2.6301797408501337,2.6017758720183948,1.753823421938157,2.8416338384236344,2.9963938823900502,2.916901914712809
75,-17.49113098553619,1.4742556014556913,1.094234087348557,1.7311029154636377,1.2086320069149457,2.5252755676873417,0.6476756637200388,1.1797966354227745,1.2727959483481213
75,-24.111483827666756,2.0247946528723055,1.0734967238272715,2.5462419022466163,0.5660712571496497,2.2926381749627263,1.0983216843701071,2.393436485823413,0.9769290977122217
75,-14.014576895090329,2.8013191793123666,1.18239584492621,1.4376703052643394,2.011403919147191,0.949000800594355,2.5340106461736958,0.6662595947205794,1.2246293955297802
75,-29.714228942232737,1.4665453596202904,1.3878253316453248,2.7569967504421045,1.457650583481513,0.7562824318662869,0.8428951036003697,1.627386430229837,0.5043268985165326
100,-27.18291282372573,0.6634087489844915,0.9816493399831857,0.87558654132164,1.800058830739789,0.8413739567061097,1.1056467771978533,2.114300689366536,2.3464435055153254
100,-20.425540658127872,1.2393495808462118,1.0564980138560542,1.9472884071303884,1.4050232303960701,0.8952509525192122,0.5613368187655301,1.311153877555359,0.821353727499639
100,-17.606481784807805,1.236276163918793,0.7559262435984664,1.1437340618001888,0.8322563923236871,0.6492333479553637,0.6514075604914424,1.0430046315455583,1.0060821022576878
100,-38.80614005138877,0.643379495050367,1.1441738001210933,1.488990257934681,1.0863902133030354,0.558433244386815,2.781241294652567,0.5193692368875259,0.681024269813178
100,-14.861573577295225,0.6262417693207096,2.8028755711533746,1.0502210030185448,0.6994648481921193,1.598209429831853,1.9273022324637863,0.7169796802884936,1.4613732693363708
100,-26.095499686583906,0.6738789226589057,1.3269601330543852,1.2144324477658737,1.1573544829679898,0.555339267009014,2.5179173631976592,1.3728832871668049,0.7946061806553504
100,-17.845032011012417,1.8929188567112025,0.5810879371444596,2.5866084124584527,1.4987819190077585,0.5069865495667292,0.9440611738128194,2.0472475856735635,1.1370300466950916
100,-19.669904495131906,2.2226001616575624,0.8112358678341185,0.8824277682420292,2.508544250098647,1.4686977149209899,2.7432378819031005,2.099769941435582,0.6191015000988178
100,-18.314296942816735,0.7468790917394772,0.7221715907432762,1.0901302580073633,1.5398902246346435,1.7640378935379746,1.0367531471023037,0.6172731112969979,1.0458455386957775
100,-14.81736069426524,1.901893408438477,1.503135952467262,0.7210604560422391,0.6616886471022406,0.8097221063564507,1.4460654784870752,1.3786649806303028,2.411284093682414
100,-15.062335600082331,1.1535017667671938,1.523555001077008,1.3815402706770434,1.32016723592624,0.5142887345913885,0.7493162069277686,1.4371538657231304,0.7745812975447137
100,-27.53632028587476,0.7414483374440107,1.3983716228572256,2.7767029572519233,0.9747250336833908,1.1073984234974745,1.3438097840044503,1.2146197239792813,2.047135501841657
100,-26.463782713037748,1.1422244911072659,2.6275810654907255,1.8171309132387912,2.0104583278783714,1.298493325513642,1.108130038944408,1.7597059869637626,0.5692524822111751
100,-23.066466047423546,1.066680947305656,2.0065514905472446,1.8882649693886462,0.9381498536011447,0.6492435722515141,1.2724155656605027,1.69471733380507,1.4881913790326884
100,-13.520491634423916,0.7273401379326091,0.8745832086718389,1.887020300403723,0.529818196852765,1.706889154802366,0.628602258181626,0.5714327382706603,1.9050541945588892
100,-14.665141031297166,1.4634992893587846,1.4358780484437408,0.5610360772042037,0.6517963134759425,2.865389445100401,2.723210257587185,2.6634943709506635,2.2040284607792904
100,-23.650807363928756,0.8913361543680557,1.3660949824183484,1.5709333740486806,0.9185101405459267,1.8981982702525,0.5382371470672374,1.1404664354537641,2.3448618532429135
100,-18.866478565960655,0.9531279316896769,1.2766330121132554,0.7776085585086511,1.253609534679413,2.329318311056613,0.8600024909692602,1.4146486499016453,1.6313220149511893
100,-16.49322538812179,0.6429143262384385,0.9266187564915372,1.2927289585346187,2.1790839688026207,2.688194156502609,1.035901433479101,0.7963244369122107,0.9861092315595078
100,-25.475903702178726,0.8298148732891113,1.482484367858164,1.9505769725398066,1.8411109394174239,1.2814325341670951,1.1950955087968422,2.4018806238515484,1.6679080692187167
100,-15.796128814013814,1.5961485091097223,0.7854529757954718,0.8558773334714221,1.9857222324403732,0.960177677628534,2.695139275072475,2.6798533069768435,1.4874082863349374
100,-24.14464678268291,0.5375724306763614,0.92580439156448,1.7782279873060356,0.8037974837028251,1.2127032952143566,2.2889045644214265,1.2465114810177689,2.7307871437043323
100,-31.0780679448616,0.7762457605600974,0.9123731690124535,1.0082815250123325,0.6153624088617327,1.2646598274056045,0.710245441166173,0.8109120348294591,1.3371414742116687
100,-17.505168833395963,2.6056738852444044,2.2285613475301966,0.9799463873886476,1.4272619743686374,2.45016982285659,1.4218215298084753,1.2868696377428983,0.7745336623572326
100,-16.214318955675854,1.3459009617102493,0.5090595443909072,1.511759180471572,0.5675298778594936,1.8939698706072265,2.661766961553565,1.1725044789991665,1.0289614214633556
100,-13.062660906639286,1.7039731782125656,1.4381969467895956,1.8586357767048598,1.9344097152056996,0.6632232790469089,1.3069552790582466,0.7657911307231341,1.3835907288531095
100,-32.4526004824947,2.016410662526942,1.2879411937417826,0.6274932785505813,1.1164455384281924,1.175697096095163,1.4631980031705851,0.7707152309490013,1.684350560143812
100,-23.789211418878196,2.1124357157200104,0.7498845463562895,0.7224980713740804,2.918175352359318,0.5208037930891671,1.3249543842356803,0.8935872906449637,1.6437985177845678
100,-23.19233822161321,0.6406603097405368,2.811614798770418,1.2063158290352998,0.9859917475419097,1.51927730593594,1.303234419705768,1.4707796757799363,2.4564668513747483
100,-25.34530339913085,1.828078993217996,2.2472559122349174,0.9716728336304579,0.9572837825340833,2.7614550403145213,2.0345684293210557,0.9656233952768738,2.3669337745562595
100,-20.15264211662749,0.6344301565641811,2.8703759841538945,2.742770371139535,0.7631541527629196,1.6669053143882535,1.9310264635137742,1.2044878422019338,1.1529179906502214
100,-26.41265476440496,1.3314493980799385,0.8650270574409459,1.345070848131004,1.4215363093870563,0.8187574656724277,1.87944137679171,1.4569793442013264,1.2273751157861286
100,-19.31198591753763,0.6371103820540254,0.6455713588927368,0.7954464237603324,1.4058495226734773,1.43123708550712,1.0673026334399889,0.5296789909610451,2.534669323199573
100,-28.918699059205593,1.155237488244006,2.6664078095843027,0.9699044495409375,1.6970099915831633,0.6882095971479514,0.6402517415582077,0.9891708483213112,1.025667351842411
100,-18.76989202813335,0.6021007217937633,2.6025962010045007,1.2416899180669816,2.2668378357521046,1.721448335337632,2.4724203377857368,1.3458901765657334,0.8981501379360799
100,-16.406551374860953,2.7960039001874195,1.1776277126225247,2.9443571301741467,2.9546833875468774,0.9375964531845372,2.3203627999932204,1.0732196922283976,0.7400914202619712
100,-20.20951959897773,1.0847953106234112,0.9831533286313345,2.526586663734949,1.4454297984793727,2.7391811572960947,2.4688069938778554,2.1766154137033684,2.5474041243186925
100,-17.935177921628828,0.538050566680084,1.2462178137290607,0.8325979623033171,0.8771578896565628,0.7637082732612404,1.9370478183406856,1.206193649834872,1.0546240699053324
100,-22.671201409511923,1.4588778283115635,1.9275501424370616,1.5247741228352565,2.0009405471061186,0.8259415385042173,0.9472670271867912,1.8428429953436019,1.1620912298210568
100,-23.562491447918887,2.2127160515548154,1.0657041577261617,2.2123409791936135,2.9718664719494834,0.7175490221349359,1.139892455282395,0.9253648633145294,0.931436809605533
100,-24.42932783787008,1.041699051191022,1.443054921354377,0.6426224882056537,1.2908192948961614,0.8143543367961386,1.1432052653468494,0.6448858178102863,2.499673702034306
100,-17.76192684909328,1.1009781541488035,0.5871592964892782,0.683526057406104,2.1517188082330403,2.470300862120469,0.55181857882676,1.076186826433521,2.575335815863597
100,-24.299227181252657,1.383161564790488,2.282143665871193,2.1686543456155833,1.6217152212149684,1.2703560734948605,2.7841939906821156,2.123515839854784,0.7792641888649903
100,-19.379393708957835,0.8377874342747476,0.9033421602288461,0.5939748886798106,1.336072086638357,0.9047107949122908,1.5137108449497398,1.9629452130136507,0.7493783069020564
100,-21.139761976056903,0.6280557383124659,1.868468411140666,1.4095963325136074,1.8345140532420996,0.7652739374009986,0.857063593233484,1.490051911590907,1.0877470354525463
100,-19.8264072500698,1.297951311266336,2.6265684648995196,2.055073606973302,1.4244306832795093,2.8039478849576005,1.1337790910788388,1.9322979018078117,1.7696942650356655
100,-17.251836662218828,1.111342455484143,0.5501600416523376,1.4346692726571897,1.1630606353311088,2.786954466818489,0.5353840640768394,0.7259724012981997,0.9347392628930127
100,-19.281732228628126,2.7224950279175344,2.75902342709514,2.2308499610389267,2.1782772080039,1.3517149781450495,2.5538222808181614,1.873744019683393,1.159032284156257
100,-23.28376093354903,1.8568522032157557,0.7339032445874483,0.6355804890985615,1.1380702558426734,1.128818188437069,1.2455604778443383,2.8262564011054936,2.09053341420222
100,-15.134760339862288,1.062853754090276,1.133507555373082,1.2788339370681807,1.4806756823765528,1.0701736159285737,1.3002071395690087,1.0760504306994125,1.321312470971166
